Feature1,Feature2,Feature3,Feature4,Target
63.94,1.25,62.26,3.01,25.44
89.22,4.35,90.17,1.27,29.33
21.86,25.27,15.04,2.79,34.94
22.04,29.46,163.79,1.06,35.73
80.58,34.91,74.65,2.40,66.08
9.27,4.84,171.02,6.43,19.11
80.71,36.49,111.88,9.76,78.44
82.94,30.93,173.72,6.20,69.24
70.46,2.29,53.30,3.60,31.01
10.10,13.90,130.78,4.28,23.67
37.02,10.48,60.73,9.43,35.89
17.11,36.46,41.05,4.42,49.10
98.95,32.00,115.82,7.16,78.21
22.90,1.61,69.94,3.41,11.94
21.10,47.15,176.51,3.83,64.02
91.45,22.94,60.33,3.22,53.49
56.14,13.14,121.07,9.08,45.76
99.75,25.48,27.27,1.42,58.07
10.96,31.37,160.50,4.80,45.81
99.61,26.46,194.50,8.75,73.37
1.15,36.04,139.52,5.83,49.17
11.16,21.74,96.21,9.58,46.37
87.59,13.17,105.11,2.61,45.71
29.84,31.95,125.70,2.38,43.54
76.25,26.97,157.94,5.77,62.69
1.95,46.45,176.96,8.48,68.34
30.75,2.90,176.82,9.52,32.78
6.92,38.03,155.51,2.16,46.72
47.53,27.49,60.36,8.85,56.86
53.93,36.50,48.22,3.81,61.56
99.51,32.49,93.24,5.66,74.32
33.81,29.42,53.72,2.98,45.92
7.10,31.56,53.50,9.15,52.30
23.80,33.45,50.70,2.19,44.77
93.55,28.55,99.81,8.06,72.02
9.69,21.55,90.48,5.20,32.32
72.91,33.67,196.99,1.89,58.32
86.17,12.43,46.14,5.04,47.68
42.19,13.93,57.46,9.31,40.08
55.03,2.53,199.86,8.52,35.68
96.90,46.32,171.25,2.50,82.81
40.10,2.93,82.00,9.87,34.02
26.52,39.20,96.45,4.81,65.12
55.58,35.92,39.41,3.67,59.40
96.87,28.96,113.02,7.73,75.33
50.29,42.64,39.91,9.65,81.24
8.01,9.29,123.06,7.08,23.55
89.03,12.31,122.96,6.57,50.76
41.92,29.18,109.33,9.41,61.50
23.87,19.79,137.62,3.70,35.37
31.62,37.59,23.78,5.12,64.72
7.33,10.66,60.39,9.40,28.88
88.09,43.96,80.21,2.42,79.44
61.17,49.36,134.26,1.07,71.71
81.71,14.97,136.04,9.45,56.16
10.70,27.66,61.75,6.44,43.13
71.76,10.18,130.51,3.38,31.71
84.61,4.61,90.48,3.49,36.01
0.35,38.56,131.05,3.36,46.44
42.77,0.48,24.30,8.95,27.74
90.39,27.28,168.57,6.24,66.10
30.83,44.95,161.26,8.75,74.93
89.89,10.50,57.41,1.93,40.15
40.64,31.03,39.37,9.37,58.63
86.46,48.81,164.05,8.93,100.71
33.22,46.54,162.42,8.78,77.48
81.07,13.34,159.60,1.97,42.33
22.24,40.83,97.46,3.75,54.16
79.53,11.38,14.50,2.74,36.96
96.69,13.96,131.88,4.60,53.52
98.11,26.81,188.46,2.04,60.61
96.25,13.27,30.60,4.91,49.24
72.85,15.68,125.18,5.60,44.43
25.47,35.44,10.32,9.33,63.48
53.85,35.97,150.97,7.04,66.67
66.42,16.51,69.64,8.63,52.66
71.98,15.02,68.76,4.68,42.32
12.73,21.02,188.67,7.10,38.42
90.28,30.78,67.18,5.93,70.57
42.99,29.00,134.39,5.18,52.04
44.22,10.69,99.91,9.11,39.88
8.48,25.77,130.26,4.02,33.69
81.84,37.56,137.83,3.02,69.40
24.48,23.76,171.45,1.66,33.62
41.44,31.49,46.94,7.27,56.99
65.61,0.28,152.68,7.93,36.46
10.66,21.26,43.42,9.62,40.88
24.92,42.42,96.73,8.21,69.21
66.76,49.39,123.14,9.55,94.59
71.93,25.24,167.81,5.93,55.20
89.72,37.18,100.19,3.33,71.84
76.58,26.06,129.08,3.47,57.69
7.75,14.29,61.63,3.88,20.82
23.13,34.70,144.22,1.58,45.04
40.76,27.13,89.00,2.86,40.64
58.41,34.78,172.78,7.89,70.76
38.04,0.29,76.83,7.78,30.86
41.90,37.38,113.77,6.43,60.44
22.05,10.97,92.81,1.26,16.32
40.43,8.25,98.80,2.15,25.09
62.23,1.35,84.86,6.08,34.35
13.57,23.08,19.55,4.41,35.29
21.17,16.34,154.63,4.41,29.23
25.23,4.10,13.68,5.85,18.74
99.99,17.50,133.53,8.03,60.43
94.96,9.97,13.87,2.37,38.62
12.62,33.47,117.15,2.96,42.19
16.78,30.36,152.11,2.03,36.09
81.93,48.24,30.54,1.23,78.17
95.82,19.83,145.85,1.68,53.08
69.06,31.36,29.36,7.95,68.75
12.11,49.19,158.70,4.12,63.71
42.84,18.53,106.13,4.07,39.52
10.55,48.04,130.76,8.46,68.39
70.73,21.77,149.42,9.69,59.35
53.82,24.17,92.76,7.58,57.01
26.84,42.59,167.84,1.78,57.63
46.47,30.52,82.01,1.26,45.71
85.10,9.09,50.30,8.18,46.77
70.12,13.81,11.93,9.53,54.69
8.56,36.00,102.83,7.82,54.61
49.08,39.65,27.68,2.99,59.58
69.18,15.31,120.50,5.26,42.89
74.59,16.54,143.54,3.44,43.06
25.14,6.03,46.59,2.08,12.82
18.51,10.82,102.00,7.52,29.30
97.66,26.23,63.77,1.90,58.97
17.94,0.71,111.49,3.47,13.65
97.43,27.67,142.51,2.14,61.76
87.27,28.70,99.19,4.96,62.00
18.44,2.57,188.80,5.30,18.73
7.41,31.47,20.19,2.34,36.68
56.28,15.19,198.84,2.07,34.19
79.07,11.28,109.29,5.05,40.59
44.27,43.01,198.11,3.75,64.35
74.01,47.38,49.48,2.90,77.15
66.04,7.85,43.02,1.68,31.14
59.38,14.56,53.98,7.36,44.62
70.30,22.70,140.60,9.32,62.22
66.12,46.68,90.78,5.90,79.45
64.76,45.42,167.06,1.64,72.21
74.90,28.46,64.84,2.12,56.18
68.87,34.99,189.11,5.50,66.78
3.99,21.60,71.24,3.25,27.98
9.13,48.10,168.83,6.18,74.33
67.23,13.48,17.64,7.81,43.99
47.05,32.58,184.05,2.63,49.89
49.17,4.56,76.11,4.00,24.65
67.01,42.89,72.66,7.24,78.63
81.36,27.50,96.42,3.83,63.75
32.33,48.51,86.79,5.63,76.08
54.26,20.66,45.64,4.26,43.93
75.64,31.27,154.40,2.83,54.99
43.81,34.91,33.07,9.76,67.76
60.89,11.96,40.09,5.96,39.58
99.23,45.65,97.68,2.06,82.55
83.21,24.92,146.15,5.58,59.83
98.02,12.19,114.74,4.45,52.56
92.19,25.41,177.07,8.78,69.69
41.49,46.71,106.47,8.38,82.80
28.28,14.93,121.52,9.99,40.99
53.86,17.26,114.86,5.89,43.84
45.53,16.09,45.84,7.28,41.62
77.55,2.18,151.49,7.35,39.07
81.14,19.30,136.10,8.39,60.17
3.70,25.11,122.13,8.83,42.74
87.42,22.02,109.93,5.11,56.54
65.48,7.72,99.20,9.72,41.93
33.86,34.64,133.47,8.67,65.92
38.00,15.83,146.56,7.83,38.35
87.24,1.79,23.00,6.68,46.05
74.68,21.70,28.70,6.70,52.32
87.26,22.18,141.86,9.13,68.05
29.34,18.74,37.66,5.78,38.20
56.59,39.63,42.30,1.71,63.50
24.08,45.64,37.19,5.15,64.26
25.40,12.77,11.79,8.24,36.59
15.80,22.09,75.66,6.29,36.23
63.89,21.22,57.52,8.61,57.25
48.32,11.86,118.67,6.17,38.03
99.27,14.76,195.81,6.92,56.47
68.58,37.23,19.32,6.46,74.71
49.67,45.21,64.38,8.19,79.08
63.66,31.04,138.78,7.49,64.16
65.92,41.92,129.37,9.13,80.75
44.08,28.98,149.15,1.81,43.71
29.51,37.37,43.37,2.19,46.49
53.09,45.67,167.79,3.31,69.97
82.47,24.09,163.23,7.72,62.32
96.29,7.04,193.64,8.74,51.61
72.42,49.00,193.78,8.24,88.52
1.39,26.83,96.41,7.06,43.66
67.23,29.23,166.26,9.46,69.16
2.50,44.21,116.67,9.24,66.92
22.14,3.16,166.53,9.18,26.31
13.98,47.31,67.83,5.43,67.64
9.72,44.36,35.78,5.08,58.38
94.60,20.96,151.03,2.39,49.58
41.49,4.95,102.98,4.67,25.99
37.05,22.17,190.61,8.70,49.71
9.94,34.28,113.45,9.80,56.41
18.98,6.11,171.13,5.09,22.34
66.28,32.09,123.46,1.19,54.62
12.59,28.23,23.04,7.89,44.94
20.72,10.80,175.24,3.96,25.15
0.28,42.92,37.49,2.17,53.33
25.07,8.72,135.60,1.23,20.17
23.79,16.19,43.11,1.47,24.42
74.17,26.30,151.68,5.29,58.94
10.91,25.19,189.63,1.39,27.83
78.32,43.35,109.08,5.12,80.89
47.90,20.08,140.36,5.41,43.79
90.97,3.67,25.35,6.47,44.23
63.31,27.42,71.79,9.95,66.57
53.06,22.69,125.03,1.89,39.60
65.09,38.45,146.96,2.94,61.74
45.16,11.42,74.40,5.08,31.81
42.68,33.26,81.12,2.37,51.39
92.30,3.36,168.04,1.84,36.01
81.18,27.82,121.43,6.05,65.92
32.96,6.11,77.18,6.99,28.94
72.11,48.42,124.08,4.16,78.12
57.79,10.64,134.78,3.02,35.00
36.76,38.13,119.08,8.26,69.23
84.52,48.73,165.50,6.52,91.66
92.91,41.47,60.82,2.62,76.20
70.27,15.45,74.57,1.05,38.24
40.08,7.09,130.30,1.28,17.81
74.61,10.76,89.77,4.07,37.37
77.68,28.38,26.14,1.47,56.41
15.74,30.89,138.05,3.45,41.02
44.20,13.66,153.44,2.02,26.96
42.99,14.16,138.91,5.38,35.72
39.53,29.97,11.46,3.71,48.00
21.12,6.86,58.55,3.95,22.96
17.57,19.01,143.70,5.50,33.17
83.34,40.31,23.69,8.76,84.23
92.12,43.11,119.39,6.16,85.82
70.95,20.88,31.88,1.19,41.26
61.81,41.60,184.76,1.79,69.28
84.45,12.17,121.89,5.72,45.76
33.95,16.65,41.95,5.59,36.54
11.40,25.50,182.13,4.14,35.51
81.50,11.81,37.82,2.78,36.06
60.24,38.01,134.55,2.59,63.07
75.44,37.99,95.29,9.32,79.08
56.45,31.76,128.66,8.78,65.54
6.83,22.11,67.54,3.47,28.36
5.62,25.37,68.98,5.07,39.50
7.67,43.21,172.51,6.54,62.76
50.71,23.14,115.32,8.13,55.53
80.98,32.59,71.09,5.28,66.72
15.09,3.09,29.67,9.09,22.00
50.45,8.63,57.07,4.94,34.54
43.94,26.14,40.16,4.36,46.85
33.84,29.89,159.95,6.83,55.48
6.59,4.73,138.89,3.56,12.05
90.63,43.66,73.34,6.24,82.71
14.14,17.49,193.86,7.29,31.64
93.80,15.48,81.57,8.12,59.37
81.32,33.51,167.50,7.65,71.90
64.60,21.17,78.75,4.26,45.06
18.03,10.71,190.06,5.38,25.46
7.72,42.22,29.22,7.94,63.25
83.51,44.18,17.17,4.03,79.95
37.67,8.11,167.96,7.94,31.50
80.90,8.28,93.16,4.70,38.91
44.42,14.25,152.22,5.04,34.70
53.40,15.47,163.64,5.22,40.96
94.71,49.22,97.72,3.54,87.37
38.19,26.37,193.59,8.35,53.10
25.00,32.06,176.08,5.99,50.61
10.26,42.29,171.72,3.57,55.37
90.53,7.37,93.12,9.52,49.24
22.20,22.56,76.42,1.24,32.51
23.58,49.73,81.23,1.25,64.61
93.08,41.96,133.49,8.12,90.34
82.98,34.80,36.37,7.35,75.52
44.86,0.26,25.05,3.30,21.42
72.72,26.39,31.13,3.59,52.12
30.12,2.39,89.77,8.15,26.60
90.51,29.84,13.12,5.64,68.41
24.19,7.18,91.56,6.53,25.49
66.44,4.28,195.18,1.61,28.15
52.61,25.37,197.78,5.99,50.31
63.57,49.05,58.19,1.15,76.34
78.85,17.24,149.26,6.65,51.97
33.25,2.22,113.74,8.32,25.19
17.51,38.96,98.28,7.26,57.25
6.31,38.81,96.96,3.64,46.97
4.38,9.97,17.96,9.40,21.30
54.30,12.67,153.13,2.72,31.87
35.70,39.04,174.50,3.99,60.28
88.95,37.17,179.98,4.48,74.94
97.37,24.81,104.53,9.32,67.16
72.71,3.95,124.47,8.40,39.99
54.55,16.06,25.21,6.95,43.36
42.61,34.49,76.79,1.38,53.24
87.00,17.63,199.65,3.47,53.17
7.50,31.88,79.03,8.21,49.53
67.94,47.64,37.13,6.47,84.66
6.72,38.93,79.60,4.45,50.48
56.72,30.25,139.02,9.54,64.34
57.39,26.47,85.63,6.85,58.35
24.96,5.67,149.78,5.49,20.07
26.18,13.01,94.79,9.97,40.85
28.56,45.82,103.33,2.10,63.40
89.87,22.26,26.68,7.14,60.89
84.55,15.98,76.01,1.58,38.47
85.14,35.59,186.19,6.74,73.77
79.37,25.44,33.06,2.81,56.28
2.63,27.70,80.09,8.23,46.05
55.16,30.60,26.38,3.78,57.99
52.57,38.46,166.43,1.66,59.00
97.24,32.12,95.50,7.12,73.93
78.03,31.99,44.57,9.70,78.73
43.26,45.54,20.53,2.12,66.97
32.27,35.47,75.74,9.47,66.12
89.49,42.30,57.62,6.72,84.61
30.28,26.67,105.49,2.52,39.27
94.16,7.71,135.16,7.49,45.93
56.36,41.26,15.39,1.41,60.82
64.15,28.84,133.71,7.90,61.60
49.80,31.36,65.04,9.61,67.59
48.29,40.23,140.15,3.68,64.94
43.96,24.21,48.76,6.46,48.67
31.26,35.92,149.50,8.75,63.83
37.05,28.08,70.63,5.20,49.23
26.75,12.40,28.39,3.61,23.39
24.83,43.27,40.34,3.95,63.33
57.77,15.64,154.99,5.48,39.03
30.85,1.16,189.59,5.55,21.23
96.67,10.76,77.05,1.45,36.57
65.43,23.53,111.97,8.62,58.36
43.09,44.12,148.23,7.87,73.95
57.03,9.73,115.11,1.66,29.76
50.43,38.22,63.15,9.90,74.41
97.51,19.70,161.03,4.05,54.02
93.89,37.75,47.82,5.58,77.38
13.70,16.65,100.01,5.11,28.70
60.63,25.78,72.31,6.52,59.06
73.93,14.96,73.91,8.45,56.31
53.23,35.44,66.96,8.34,66.10
97.99,29.19,161.38,7.53,74.62
68.80,1.33,100.17,9.70,41.12
57.76,36.07,120.87,2.53,56.21
62.90,30.99,169.82,2.33,54.15
94.82,5.49,13.60,3.82,39.82
15.14,34.53,87.97,7.97,59.12
73.58,3.11,36.24,2.87,27.53
32.50,33.11,109.84,3.82,52.83
34.23,17.71,156.68,7.49,44.60
64.33,34.67,125.91,2.73,60.11
22.49,48.65,66.55,3.60,69.20
20.73,35.25,70.24,4.14,54.07
27.35,6.09,138.56,4.42,20.11
98.02,40.92,191.38,8.24,88.67
71.41,17.32,94.05,3.31,44.89
47.91,10.10,112.33,9.40,40.18
61.57,29.34,56.07,7.03,60.01
53.10,31.90,19.97,4.72,57.49
77.08,0.26,114.57,9.36,41.98
40.69,46.75,176.90,5.30,75.28
32.12,32.29,182.51,1.81,50.55
57.41,26.76,147.39,9.43,63.21
88.22,8.79,184.73,9.97,53.14
39.70,24.77,187.96,9.66,57.92
0.93,28.40,30.39,9.85,45.02
28.46,49.45,113.23,5.45,77.07
46.80,9.64,31.40,2.46,25.08
45.89,12.86,45.38,7.63,41.15
75.73,8.77,172.67,9.07,45.24
82.70,25.76,26.48,7.02,64.65
32.36,12.40,59.55,3.12,27.26
75.38,47.70,67.37,7.51,91.46
69.28,3.11,32.46,3.76,30.79
40.54,25.13,180.07,7.33,49.77
91.61,14.75,126.78,2.97,47.26
13.36,7.66,152.07,6.45,21.10
47.08,26.88,136.18,2.97,47.02
24.75,37.74,175.90,1.74,46.95
7.81,28.21,21.73,5.93,42.88
50.55,28.64,38.47,3.95,50.37
20.54,29.16,27.28,5.59,46.31
80.87,22.67,107.52,5.11,58.06
80.69,36.16,85.23,8.35,78.42
74.58,28.92,18.61,4.10,64.71
93.46,3.45,187.42,1.29,35.21
40.89,38.45,155.51,9.80,69.51
99.29,19.12,175.23,9.16,63.11
37.56,34.14,135.74,5.85,56.15
17.85,26.86,110.48,7.55,44.50
22.27,0.17,14.32,3.69,13.32
53.19,41.17,57.03,4.12,65.45
27.56,46.87,147.75,2.02,63.63
76.61,44.19,12.97,2.85,74.00
10.09,1.68,123.58,7.33,21.11
40.23,11.72,51.28,8.77,40.93
5.64,25.19,64.96,8.34,42.90
59.79,33.63,70.93,3.72,57.95
14.33,33.01,52.00,3.70,49.81
87.97,45.58,128.94,4.84,86.76
49.56,48.61,188.90,7.04,82.48
41.63,7.46,81.53,7.79,31.82
47.35,42.47,67.14,7.37,74.73
56.24,48.39,115.88,2.21,69.76
24.29,10.17,132.87,9.30,35.22
72.46,9.52,61.01,7.06,41.93
60.29,43.68,45.75,7.86,80.64
47.94,43.47,73.26,9.61,76.49
1.53,46.86,192.79,2.06,57.24
24.26,30.22,48.86,9.24,54.71
55.21,38.78,82.33,5.80,67.82
51.28,24.86,28.74,9.83,59.46
46.95,41.99,183.72,4.34,65.32
22.13,7.30,59.55,9.41,32.35
57.91,20.88,38.96,3.97,42.10
49.93,32.73,140.12,3.32,57.40
82.16,48.33,131.92,5.42,89.69
16.93,36.02,102.78,9.25,64.28
54.21,32.09,21.16,1.30,53.83
66.82,38.22,88.35,8.58,73.18
23.14,35.36,11.74,5.55,51.77
66.68,30.83,101.81,5.39,63.88
0.66,27.58,12.25,5.76,37.47
1.71,40.66,138.07,8.26,64.99
90.98,5.35,28.30,2.34,36.58
81.52,13.37,85.41,4.36,46.44
40.60,28.25,198.14,3.03,44.17
65.37,42.91,154.32,1.84,65.18
37.93,27.64,20.66,1.09,41.61
43.39,39.22,117.51,8.72,72.55
9.54,26.41,18.08,2.90,36.70
47.55,2.33,24.13,9.33,30.43
89.93,28.18,16.25,9.36,70.67
58.70,37.61,145.42,4.58,70.68
7.69,8.12,55.69,8.51,21.59
33.17,37.78,36.59,9.90,70.65
72.42,25.04,195.12,1.48,45.06
34.06,38.45,191.42,4.57,60.82
77.36,1.48,61.93,9.93,41.22
94.11,21.59,139.14,6.95,62.74
8.57,30.93,161.63,7.42,48.40
71.17,31.70,150.53,3.85,61.16
10.66,0.26,68.57,4.24,11.42
18.74,22.44,115.40,4.67,37.28
2.63,17.70,27.68,6.38,28.74
29.18,19.39,26.09,9.11,47.02
90.52,48.91,118.67,2.53,84.48
30.11,24.66,22.02,4.91,42.99
42.11,24.21,24.62,3.27,41.96
59.38,9.78,30.32,3.74,35.48
94.88,16.61,127.84,8.24,59.32
81.55,42.98,195.10,2.23,76.16
32.07,47.36,48.16,3.83,73.31
29.14,34.75,103.29,6.18,55.50
24.24,18.80,165.13,4.54,35.64
59.22,27.28,139.53,5.95,58.36
95.30,23.08,144.59,4.95,59.35
81.90,39.78,87.74,5.49,79.96
63.33,12.10,135.15,7.44,43.98
99.07,23.96,86.15,5.56,62.15
92.04,34.59,113.29,8.12,76.43
53.69,31.91,26.15,7.92,67.79
65.76,17.75,132.93,1.40,41.41
39.96,37.63,193.49,4.87,59.83
1.05,12.94,107.03,5.67,20.28
44.58,19.56,156.75,6.30,42.22
50.05,17.25,14.67,1.94,29.89
11.61,47.03,36.92,3.81,64.20
45.53,10.34,101.76,5.29,30.12
31.89,15.01,163.94,2.04,27.82
84.92,32.40,138.66,2.48,64.50
17.45,8.01,116.37,9.63,30.28
23.19,20.25,45.05,6.76,39.11
61.41,9.87,122.52,4.50,35.42
70.47,10.29,152.94,8.28,47.45
87.20,9.35,71.94,5.12,44.22
26.24,43.13,110.27,6.75,64.70
58.70,17.40,170.65,6.56,45.10
81.37,35.30,66.51,6.53,74.06
11.79,15.27,44.78,7.24,32.25
51.08,20.91,36.19,4.45,44.11
69.34,32.26,199.98,5.99,67.19
48.96,7.01,69.77,5.06,32.07
0.96,6.83,164.89,9.67,26.24
50.54,24.75,140.09,4.74,49.85
8.27,1.54,154.60,3.63,8.40
27.49,26.88,41.96,5.12,43.82
54.97,5.66,31.70,7.98,33.27
82.33,18.34,166.30,1.37,43.40
98.98,5.12,167.71,7.76,45.57
29.77,49.97,95.45,4.14,73.09
99.40,38.78,55.02,8.30,83.92
58.79,17.53,145.04,6.69,47.46
20.66,10.35,21.28,4.16,23.99
28.11,26.94,71.49,7.34,49.25
85.80,49.27,139.07,1.86,84.84
96.28,39.28,184.57,9.93,91.08
86.61,12.48,145.17,8.46,52.98
76.15,33.81,103.00,6.20,69.57
45.20,31.68,177.22,1.84,51.08
51.56,13.91,187.90,4.32,37.34
0.25,38.71,149.22,7.58,54.13
45.84,33.21,78.06,1.57,49.05
42.96,10.59,61.02,8.46,37.17
33.78,28.90,117.57,5.37,46.98
4.84,4.98,158.94,5.14,18.17
12.42,42.88,93.84,1.01,52.47
68.86,6.60,133.50,2.43,30.22
93.27,13.70,134.37,3.25,43.27
16.55,19.82,68.05,7.29,40.04
23.41,32.77,143.70,1.01,40.85
22.62,34.00,11.76,7.26,55.35
81.71,49.41,90.24,2.19,84.73
73.08,5.12,69.54,8.93,44.54
13.71,38.67,153.10,2.20,49.95
53.05,0.42,133.50,4.96,26.46
72.24,31.40,38.76,4.71,61.24
8.67,5.02,152.96,6.31,15.55
38.40,48.16,69.76,2.26,68.30
55.34,30.00,125.44,8.01,62.89
69.05,42.39,135.10,3.71,70.62
74.78,14.78,20.37,9.08,53.90
95.47,24.74,31.42,5.50,61.10
97.77,49.34,187.45,2.19,85.96
86.08,28.42,79.43,7.15,67.71
77.04,0.83,22.83,3.36,25.03
3.98,3.02,159.97,5.56,12.71
41.54,35.09,25.66,5.83,58.45
61.60,13.87,68.88,5.60,42.35
53.64,19.54,130.52,8.51,53.45
68.11,3.31,142.75,7.57,37.32
8.62,21.72,96.14,6.48,35.70
30.93,37.08,150.73,2.07,50.80
16.38,47.65,109.37,8.05,70.05
72.08,8.35,34.12,8.03,43.92
77.14,1.47,163.35,3.45,34.97
6.39,35.62,119.56,1.69,39.91
49.96,28.34,79.86,3.30,49.45
10.29,28.70,147.33,3.06,36.77
86.29,12.23,99.64,4.45,44.49
15.01,46.56,172.92,5.98,69.37
41.94,16.09,89.09,7.48,40.55
27.13,3.89,80.83,5.52,22.34
80.43,49.07,191.28,1.62,80.15
46.51,14.12,170.52,3.95,33.89
20.07,28.19,67.74,6.60,45.98
46.39,29.58,103.74,7.95,60.34
76.05,12.26,11.21,4.69,45.90
23.30,17.32,169.52,8.89,40.09
65.73,42.45,148.17,1.94,68.38
52.98,11.91,103.49,1.54,31.93
9.30,46.06,180.48,5.68,63.07
70.08,18.62,195.17,1.76,42.22
82.00,3.74,117.89,4.91,36.98
96.42,11.84,59.59,3.84,47.31
73.54,15.90,61.67,1.67,36.13
20.27,39.00,121.09,2.40,52.83
40.65,26.80,193.28,2.87,45.43
30.83,13.25,32.78,2.42,23.97
69.69,2.02,168.83,3.95,26.23
9.12,12.41,77.59,5.62,24.02
99.07,1.55,86.83,5.07,38.86
74.81,12.49,97.79,8.24,49.14
83.04,49.13,34.84,8.41,95.27
37.22,31.51,132.49,6.24,55.19
2.18,3.22,181.47,4.99,15.99
12.88,45.25,167.58,3.98,62.13
16.80,28.69,166.12,4.55,42.98
2.95,34.16,42.83,2.93,41.72
88.34,1.73,127.64,3.21,35.68
29.51,20.60,114.63,1.55,30.77
19.95,44.23,109.90,6.68,67.63
80.22,39.74,197.99,8.04,80.00
48.47,45.63,105.45,4.50,74.02
17.98,15.94,51.61,9.06,38.40
99.15,26.47,155.70,10.00,73.56
97.40,5.01,134.80,3.40,41.37
5.59,49.82,51.69,8.62,70.11
79.74,17.74,169.45,8.61,57.94
80.62,34.88,183.66,1.25,64.70
70.06,47.38,117.09,6.07,86.20
88.16,24.61,68.72,5.41,65.93
9.03,11.63,51.57,5.74,28.71
20.15,6.52,146.22,9.27,30.27
84.43,16.18,14.16,6.28,55.63
84.65,43.03,192.51,4.36,77.73
94.19,19.78,29.20,3.72,54.13
94.87,39.59,192.53,6.84,83.81
17.42,48.44,141.78,9.36,76.53
58.90,8.77,68.30,7.20,36.92
12.73,36.44,190.27,9.54,56.24
96.52,1.62,124.45,9.29,51.60
96.75,11.04,117.45,9.43,58.03
23.80,49.12,41.90,8.97,80.37
8.87,35.45,131.43,8.98,54.88
24.95,3.39,58.77,1.97,14.27
0.13,19.30,149.19,9.72,37.70
37.87,27.30,29.27,5.32,46.45
86.41,32.55,140.56,2.46,67.15
29.49,15.94,190.82,1.67,27.89
17.01,18.77,149.08,5.92,33.95
59.40,30.68,101.72,1.28,50.39
94.24,8.25,179.05,2.41,40.49
19.00,34.86,147.19,7.57,57.45
26.53,14.08,55.13,1.45,19.21
15.36,18.04,91.25,3.65,26.28
66.20,30.01,47.94,1.23,52.66
8.19,42.19,68.59,4.58,57.43
48.91,33.05,27.32,5.90,61.87
36.94,22.29,60.03,5.19,45.84
22.62,13.43,21.71,7.77,33.41
34.38,27.07,194.43,6.31,48.16
55.36,42.04,165.50,4.77,67.03
47.48,44.08,100.49,1.71,63.77
90.28,35.72,105.40,9.10,81.84
62.03,6.01,153.87,2.56,25.18
98.44,48.61,163.61,2.14,81.42
43.54,49.86,129.17,8.51,87.02
25.79,45.54,183.69,1.60,58.44
32.61,13.81,97.05,8.86,40.78
78.66,31.15,109.29,4.78,63.46
58.79,37.92,188.53,9.32,76.13
56.27,5.05,64.36,5.82,31.45
38.30,24.28,125.70,1.34,38.86
27.54,7.19,125.64,7.24,32.15
33.15,11.88,151.69,9.29,40.00
89.70,1.01,165.30,3.73,34.78
69.62,4.91,175.09,2.21,30.80
97.42,22.16,166.91,3.42,54.03
18.79,10.57,166.55,7.67,30.84
75.95,43.36,165.99,5.64,81.35
50.68,6.78,171.75,8.91,40.23
2.89,9.64,168.26,8.53,24.68
91.80,35.23,62.06,8.41,81.90
50.51,31.77,33.54,1.28,47.67
17.76,43.52,121.51,4.15,62.19
16.35,44.72,152.30,7.20,67.41
16.29,28.61,193.33,8.71,51.36
64.74,33.88,61.13,4.69,66.06
76.76,0.44,183.19,6.83,37.87
60.11,0.42,57.95,8.25,33.73
64.27,21.19,81.53,4.14,51.92
25.20,23.33,138.67,8.42,45.92
51.15,33.12,170.22,4.37,58.23
64.73,30.45,66.71,1.97,58.88
64.06,43.07,59.62,7.40,82.11
89.24,14.94,38.49,7.89,58.86
80.24,30.00,135.50,7.13,65.52
72.13,32.77,199.52,3.33,59.17
3.53,35.40,118.69,2.71,43.40
72.65,11.12,111.58,8.06,48.60
50.73,42.27,169.72,8.89,76.10
18.11,4.88,34.31,3.33,16.74
18.31,33.99,73.77,1.80,40.15
35.53,37.21,68.35,8.09,63.87
29.41,42.56,99.40,8.80,72.04
58.36,47.22,23.53,9.00,81.63
38.17,14.92,20.27,8.69,42.48
13.74,10.01,87.75,6.12,26.02
31.64,35.78,158.00,5.39,56.06
63.10,8.84,130.55,1.04,27.25
16.86,38.22,103.02,7.87,64.24
8.80,30.72,130.36,4.63,43.83
3.77,9.97,80.89,1.13,10.78
32.22,41.66,46.21,7.09,67.27
69.35,17.22,34.50,4.45,43.87
58.87,8.35,166.53,3.68,30.58
59.64,16.89,178.72,9.96,56.14
34.27,45.07,78.26,2.70,68.25
40.34,11.42,148.16,2.18,24.22
73.41,29.48,42.11,4.30,58.89
87.65,12.79,111.60,1.44,39.23
99.47,33.10,134.18,1.18,64.84
38.03,27.36,100.14,2.38,40.66
69.52,31.52,67.21,6.95,64.70
60.56,6.86,167.82,1.94,25.56
71.88,5.89,31.66,1.96,30.14
26.30,26.16,48.32,7.33,48.26
29.54,1.97,104.31,2.87,17.19
0.27,33.58,182.31,8.52,50.37
66.90,7.46,27.12,5.61,37.21
25.59,11.56,197.85,3.66,23.55
46.43,4.99,43.19,1.36,19.08
31.27,36.93,28.05,7.82,66.68
4.59,42.60,136.04,2.53,50.01
62.18,43.92,27.66,8.33,84.27
18.29,20.04,192.84,3.45,27.37
79.99,32.44,161.41,2.02,62.94
69.62,2.93,189.07,2.43,25.39
80.23,33.92,44.44,4.42,68.76
35.86,1.44,140.05,8.55,30.50
92.04,5.65,88.14,1.41,34.28
26.16,15.71,143.87,7.10,35.54
56.50,48.89,137.27,4.04,75.32
52.31,35.03,28.10,6.96,65.41
67.63,19.24,169.42,6.03,51.43
98.78,2.73,132.25,2.41,38.47
86.94,3.74,103.41,3.17,31.76
97.01,2.52,52.31,6.79,43.60
45.91,40.06,95.14,8.71,74.61
44.71,5.94,104.50,6.88,32.55
55.71,0.01,27.27,6.44,31.37
61.91,15.23,106.58,2.86,35.04
36.33,2.71,52.35,5.09,18.86
56.02,30.99,99.90,6.91,60.80
75.93,11.09,74.86,8.47,47.29
96.44,14.60,109.18,7.32,57.71
14.04,35.84,147.10,1.96,45.25
61.09,9.38,186.74,4.54,30.93
71.68,5.39,88.75,9.34,45.55
83.75,29.44,156.71,5.05,61.28
13.46,24.94,110.77,1.44,26.34
93.53,41.94,101.76,5.57,85.11
57.86,36.52,34.39,4.49,63.31
60.05,44.13,105.78,4.46,78.04
76.24,13.68,193.08,9.73,52.34
45.28,6.67,88.42,7.30,33.36
70.15,43.04,145.26,9.42,84.50
63.26,10.04,128.59,3.62,32.57
98.13,32.50,192.08,5.54,75.35
69.43,16.12,31.93,4.17,40.85
66.72,20.87,152.10,8.57,57.47
28.59,42.37,163.58,5.70,66.03
67.03,10.00,152.54,2.45,33.34
28.66,12.53,169.48,7.22,32.36
3.23,40.70,29.47,8.81,63.69
73.95,43.24,151.06,6.05,80.64
79.88,14.38,136.25,9.34,57.53
38.76,47.84,195.41,3.81,71.01
25.13,31.03,158.38,8.83,56.79
83.00,45.57,143.88,6.83,87.15
60.34,38.81,193.22,3.65,62.85
17.74,34.13,45.53,2.56,43.34
42.85,27.83,34.71,6.26,52.16
25.50,16.53,144.84,2.39,28.00
5.09,46.62,126.97,6.96,67.83
49.06,28.63,78.04,8.06,58.64
18.39,3.41,105.98,4.74,18.11
53.70,4.60,52.03,2.92,24.43
21.84,37.63,110.79,9.97,66.27
82.37,49.06,11.67,7.02,87.55
61.37,31.06,192.19,7.14,64.64
32.09,45.80,189.55,4.47,66.58
91.13,41.11,81.24,8.23,86.25
44.56,2.19,180.67,2.73,14.99
16.74,47.81,112.22,1.07,58.46
6.55,33.52,156.98,8.78,52.44
53.78,35.14,195.48,7.98,68.83
64.66,46.99,151.91,2.38,73.38
8.75,2.71,160.90,6.02,16.40
57.50,11.38,59.14,4.49,34.27
1.69,33.66,111.62,6.77,45.83
61.83,37.80,121.27,7.31,77.06
10.61,39.34,67.26,1.78,49.60
76.53,21.88,85.07,6.95,54.53
13.64,19.55,161.52,5.91,33.46
96.01,7.20,138.68,9.23,53.91
37.31,47.47,115.17,6.00,71.98
12.32,0.25,123.36,5.83,16.64
74.83,45.18,75.33,4.71,79.69
64.59,25.63,40.58,2.99,50.61
18.14,39.98,171.93,8.66,64.09
93.24,49.72,97.64,5.95,93.82
9.82,36.28,102.57,3.98,49.18
12.82,32.77,29.01,6.58,50.90
45.06,30.82,68.08,6.26,55.05
56.56,18.22,70.10,4.85,44.87
22.15,36.99,92.86,8.56,61.05
13.43,36.65,176.80,5.17,51.33
55.17,8.79,125.26,8.58,41.48
85.87,7.00,112.34,3.37,38.04
7.54,0.93,106.36,1.28,4.70
58.19,20.26,122.11,9.16,52.25
99.87,23.61,157.29,4.29,60.05
22.33,38.61,149.31,3.62,51.33
39.68,25.11,135.91,8.63,52.98
80.65,30.70,41.51,5.63,64.36
94.87,32.97,193.87,7.62,76.69
48.35,17.94,51.58,5.39,43.56
4.28,10.34,182.47,4.25,18.88
46.97,22.73,18.82,9.83,53.54
52.14,41.48,168.63,3.37,68.57
54.44,8.69,134.20,4.29,29.77
51.67,18.82,182.38,5.65,40.69
35.29,43.39,102.50,5.34,65.99
13.90,8.28,24.65,6.79,22.32
21.15,9.35,78.82,7.46,29.42
81.12,36.01,101.49,5.31,73.24
21.07,8.06,168.34,1.20,17.24
16.11,31.48,17.45,6.15,48.60
5.59,12.91,44.21,9.62,29.82
1.86,35.98,135.73,3.55,42.77
8.57,22.46,198.63,8.81,42.34
60.08,39.73,165.89,2.64,68.25
65.96,13.23,147.60,4.08,36.51
22.98,19.27,30.63,2.82,30.52
85.96,25.22,89.76,2.35,56.62
61.47,1.95,158.93,5.53,32.44
11.75,24.11,34.76,6.43,41.04
77.49,32.46,109.19,4.33,61.00
4.34,26.49,53.60,8.22,43.58
58.90,37.07,154.69,7.27,67.99
9.77,6.69,100.66,3.09,15.08
87.68,20.43,45.91,7.38,59.17
78.94,28.90,32.39,1.06,52.49
31.59,18.11,39.41,6.86,37.53
25.36,42.75,90.48,4.29,61.26
75.50,20.66,158.92,5.34,55.76
37.02,27.75,58.22,3.76,44.22
73.58,42.75,135.26,7.73,85.29
44.66,34.97,40.74,2.93,53.40
55.06,34.85,144.29,2.45,57.87
96.46,0.26,27.31,2.31,35.76
6.41,11.09,25.21,1.34,12.62
38.43,49.22,126.65,5.69,76.39
94.57,41.01,131.66,4.95,78.61
20.17,32.84,162.74,3.57,48.65
51.58,11.58,42.20,1.32,28.01
23.93,0.01,39.91,9.97,28.27
39.51,29.30,108.37,7.63,54.84
6.86,4.51,64.05,8.47,24.43
96.33,13.83,125.21,2.75,45.03
92.97,28.75,59.61,4.66,66.00
29.43,47.35,162.56,9.61,79.05
87.61,40.66,119.23,7.25,85.84
77.00,37.87,192.64,5.13,71.55
46.07,29.34,15.20,2.05,49.43
99.42,33.85,53.69,3.84,72.80
95.54,25.83,11.85,8.49,69.83
67.37,41.05,24.45,9.38,82.42
47.66,17.68,179.92,3.42,39.45
90.99,24.95,47.94,7.62,64.73
87.27,10.34,48.53,3.25,39.75
10.67,46.01,138.40,6.97,65.95
61.38,38.21,112.88,1.38,57.97
49.23,49.27,180.43,8.82,85.56
49.08,49.22,184.04,3.52,76.21
5.41,39.96,100.88,5.87,57.92
50.25,19.69,140.40,2.57,41.36
46.01,34.46,12.25,2.90,54.02
58.10,16.27,126.43,3.34,37.15
47.13,30.65,79.53,5.49,54.61
21.05,35.04,80.74,8.69,58.43
13.11,28.79,53.43,1.90,37.16
26.99,11.79,92.12,4.43,29.31
14.95,40.28,43.56,5.50,61.45
99.56,42.47,108.23,7.49,90.89
56.21,28.39,85.70,7.21,56.81
6.00,40.69,100.54,6.67,56.12
36.10,28.02,187.05,3.32,44.98
1.98,6.06,174.80,9.67,24.23
64.91,8.73,158.26,4.20,37.47
67.32,24.37,149.94,9.01,59.41
63.17,7.24,41.84,8.27,41.29
33.74,31.56,118.61,8.64,59.35
22.82,15.84,65.36,3.41,28.14
64.46,13.56,94.53,8.77,46.80
96.55,20.70,44.94,1.21,52.47
72.78,33.10,188.68,7.31,70.97
10.30,3.19,176.95,5.94,18.06
2.64,19.85,155.35,1.75,22.07
65.48,44.27,68.78,3.23,74.39
28.42,31.32,34.94,8.55,59.39
86.04,16.26,100.47,9.77,60.03
54.06,13.62,94.52,9.73,47.01
59.76,31.55,130.81,6.08,59.81
52.35,31.98,68.84,4.12,52.31
44.19,18.29,59.36,3.73,36.30
0.01,40.77,171.11,4.09,51.14
92.21,47.35,100.64,1.08,81.10
43.04,14.65,53.93,1.06,26.07
56.06,19.74,41.02,7.63,51.34
38.97,18.92,59.97,4.80,38.41
91.00,40.38,140.08,3.56,80.46
74.29,40.44,88.45,8.68,83.12
63.69,30.89,61.71,6.60,63.90
18.78,0.97,19.43,5.81,18.43
26.92,35.76,148.15,3.10,51.54
15.07,24.68,74.96,3.80,37.55
46.37,39.57,72.75,8.59,65.27
95.16,2.80,157.37,1.64,32.32
84.15,40.86,167.37,2.10,72.44
76.81,12.45,156.53,4.99,43.02
46.08,38.55,109.02,9.84,73.79
47.28,34.07,69.30,3.91,56.17
93.74,26.05,58.13,6.75,66.86
19.87,44.38,174.09,2.96,61.12
32.45,8.37,62.46,2.08,22.06
78.91,0.45,17.98,8.05,36.69
37.14,4.47,39.96,1.82,18.36
61.86,46.54,199.42,6.63,83.99
70.13,39.57,33.91,3.09,69.76
98.17,39.43,153.77,8.25,85.98
68.92,17.91,35.60,9.09,54.51
48.53,21.88,66.00,7.27,49.84
34.77,36.62,62.31,8.48,65.79
91.45,27.73,23.09,2.40,58.51
36.71,0.04,131.22,4.41,21.05
18.55,0.94,172.80,7.98,22.21
65.83,26.95,83.62,5.72,60.94
49.75,27.57,126.48,3.90,49.17
52.32,3.33,168.69,2.17,21.23
87.35,10.10,102.22,1.89,34.76
65.79,26.29,143.25,3.30,49.67
36.64,30.30,23.47,9.37,59.37
88.98,4.00,162.19,1.55,34.53
55.80,46.91,89.03,4.32,75.44
26.58,2.03,23.37,3.74,12.65
94.46,48.03,28.45,7.53,94.08
52.62,12.44,128.81,2.61,31.04
74.92,20.76,30.05,6.75,52.96
66.52,44.14,41.69,2.62,73.81
40.16,16.88,40.05,9.99,45.83
31.52,49.57,71.68,4.35,73.14
76.42,21.53,147.91,6.48,54.32
76.57,46.31,58.28,9.65,92.56
44.75,19.85,148.00,9.85,48.84
99.34,15.09,67.06,3.00,47.15
85.57,1.09,166.17,7.21,40.46
55.63,46.30,39.40,1.34,71.85
35.57,6.92,79.75,6.24,28.05
9.19,19.99,184.40,7.61,40.42
72.36,39.65,42.85,8.43,78.22
90.77,29.76,67.07,7.58,68.61
57.63,3.92,20.63,7.94,34.39
41.65,43.39,175.26,3.04,67.51
65.28,30.12,12.17,8.00,63.76
4.12,27.00,38.42,5.52,39.88
22.08,2.53,149.00,4.54,14.24
50.47,11.10,65.06,4.55,34.49
13.22,4.13,118.57,1.44,8.81
50.18,38.69,34.77,2.21,60.12
55.93,24.39,133.93,2.76,43.23
24.62,3.58,157.59,3.91,15.54
92.41,4.48,137.63,4.81,39.08
59.39,1.21,67.92,9.89,38.74
61.62,49.51,94.02,2.31,80.63
19.97,18.69,153.97,8.67,41.13
11.24,2.73,190.30,9.34,27.14
1.37,34.69,31.14,5.05,42.91
2.27,10.45,112.22,2.83,12.96
48.30,36.50,36.86,7.29,65.77
1.84,29.15,136.07,1.39,32.61
78.92,30.90,20.09,6.89,70.23
0.83,19.43,61.55,8.67,32.20
1.91,43.37,133.39,3.08,49.75
38.07,48.83,28.92,3.84,73.65
18.64,25.03,97.02,9.34,46.61
2.15,12.37,110.59,4.00,17.72
34.68,17.60,128.79,3.13,33.00
97.82,25.06,164.26,6.63,70.04
81.49,1.47,115.44,3.52,29.63
15.17,44.86,134.82,1.79,52.42
61.24,31.28,53.21,3.16,59.33
15.27,48.53,182.85,3.96,64.17
13.86,27.07,162.02,8.76,46.65
30.90,35.26,109.52,2.22,55.20
14.52,46.65,184.25,3.86,62.57
55.73,47.43,32.49,3.86,78.44
76.54,44.01,88.67,4.70,77.36
44.30,46.69,179.88,9.40,81.24
10.68,9.24,154.87,6.51,26.34
26.69,28.35,53.87,3.09,41.00
68.81,23.83,105.44,6.44,53.62
71.20,18.70,171.90,5.42,50.27
3.22,38.23,12.85,3.43,48.53
41.30,37.12,197.77,7.82,70.58
98.56,43.36,103.09,3.92,85.55
45.75,12.34,86.92,1.38,26.38
31.29,30.58,151.07,6.34,50.60
52.52,43.79,159.51,5.69,70.55
4.24,49.79,108.55,4.56,66.36
73.52,27.89,108.06,6.68,64.75
39.80,15.23,167.25,5.15,35.53
42.25,30.66,20.36,5.65,57.30
45.17,36.13,31.50,8.01,69.59
93.78,34.81,35.71,4.72,71.35
59.03,35.63,48.37,5.09,64.20
25.01,34.59,182.36,8.17,58.88
11.42,22.47,78.96,5.71,34.55
38.41,39.55,107.22,9.55,70.84
76.83,45.61,117.44,6.94,86.59
15.01,43.44,43.98,7.41,63.99
76.86,22.31,129.03,2.06,48.72
13.16,10.14,128.29,3.28,14.92
54.35,0.29,177.71,3.14,24.02
58.89,23.79,87.93,1.71,42.29
54.73,30.99,115.93,8.43,63.44
4.89,7.41,134.12,1.33,11.57
83.80,14.92,184.87,1.44,38.54
41.70,8.91,137.70,6.50,31.11
78.73,8.87,96.51,6.21,40.87
93.15,4.66,66.87,4.32,38.87
42.73,27.52,65.64,2.21,44.54
69.46,13.72,110.14,5.72,42.84
10.93,36.49,129.51,9.88,57.27
48.37,34.43,187.44,9.88,67.71
31.65,26.27,199.05,4.18,45.40
12.97,28.13,108.74,6.69,44.05
60.94,35.43,196.06,1.01,56.63
2.40,31.27,32.41,8.63,52.11
41.40,16.69,116.48,6.74,33.32
1.13,10.06,63.51,8.11,24.21
32.39,0.31,140.31,4.07,20.56
72.44,30.80,15.53,2.58,56.62
67.25,45.81,161.48,6.81,83.95
48.15,31.36,179.49,5.83,55.32
41.40,37.13,168.67,3.69,60.76
72.50,15.78,111.82,2.87,39.50
88.80,17.68,194.23,3.52,45.91
3.12,49.18,129.04,8.58,69.70
59.52,43.23,152.79,7.35,78.27
31.45,1.58,88.64,5.47,21.76
95.07,10.81,67.44,2.01,43.23
78.49,38.89,183.54,4.99,76.72
50.01,9.51,185.49,7.59,37.90
52.36,38.78,37.23,8.85,75.36
67.67,6.64,147.67,5.13,31.17
71.37,26.12,10.78,9.39,63.32
8.71,23.34,18.77,5.69,33.37
65.90,15.62,119.74,3.81,42.43
19.25,13.83,70.64,4.97,26.81
11.77,7.47,61.99,1.14,9.58
20.66,17.52,70.51,2.27,24.82
70.44,14.16,56.52,1.64,35.06
44.36,6.50,99.44,7.08,30.38
10.59,2.69,91.03,2.61,7.85
83.62,34.97,127.10,3.81,67.16
81.74,35.64,137.47,5.80,75.46
46.57,6.59,164.44,9.28,37.59
46.83,22.78,140.05,7.39,49.41
22.38,43.05,127.22,9.22,72.07
39.21,34.98,136.38,8.10,64.41
3.03,23.77,76.77,5.15,32.63
17.08,38.40,124.84,2.15,52.03
79.68,16.29,133.40,8.13,57.43
53.27,20.04,88.55,6.59,42.62
38.38,17.04,164.64,6.32,38.17
78.43,21.77,159.59,5.90,56.09
7.79,46.54,119.10,5.38,66.05
59.22,23.15,115.47,8.40,59.08
6.96,5.44,164.67,7.94,27.02
37.89,24.71,135.43,1.81,40.11
90.33,31.81,10.04,2.32,59.56
14.92,26.56,84.10,6.20,43.90
31.66,28.51,183.51,3.74,48.05
94.33,21.74,196.69,4.10,57.22
98.64,20.21,34.24,3.65,55.57
36.92,27.44,20.09,7.33,53.86
86.12,43.28,54.70,7.32,84.05
39.43,15.91,82.73,4.43,32.08
47.49,9.41,83.07,9.32,40.35
84.00,7.71,199.52,7.03,44.87
1.57,36.07,102.47,4.93,48.31
99.02,4.23,132.03,4.74,38.66
60.44,21.29,44.16,5.58,49.98
55.21,22.50,77.51,2.67,41.03
84.68,11.84,105.33,4.70,42.43
54.62,18.35,195.86,6.11,45.30
48.15,34.52,37.00,7.58,63.23
98.36,49.18,157.99,5.18,97.59
8.84,23.62,150.92,9.64,46.27
7.81,31.68,161.64,3.81,42.95
77.85,23.44,107.41,5.22,56.72
73.38,21.05,192.51,8.18,56.98
92.29,37.47,148.12,6.07,78.75
6.14,23.66,42.13,1.46,30.53
62.43,14.34,25.68,5.55,42.11
85.14,13.89,35.18,3.53,44.36
11.15,8.73,122.44,2.36,14.56
44.67,40.39,59.64,7.31,66.80
86.20,17.14,26.04,2.31,46.12
93.39,7.71,104.23,9.94,53.36
44.02,31.88,50.06,7.61,58.66
34.51,32.11,153.54,2.04,47.65
30.14,37.31,152.96,5.79,61.33
37.98,35.28,100.17,2.31,52.11
92.72,22.44,138.91,9.66,68.42
68.29,2.05,184.37,6.74,37.75
91.80,42.92,73.64,3.40,78.95
9.83,32.72,84.32,7.96,52.09
58.87,9.75,74.11,7.21,35.82
17.99,27.38,137.83,8.49,49.48
10.39,22.30,51.69,3.55,31.38
19.31,1.19,27.47,9.45,23.88
95.05,31.90,144.53,2.08,61.40
85.64,6.50,134.71,9.10,44.16
89.60,34.78,58.13,5.20,71.06
93.62,31.94,185.31,3.49,63.12
76.99,16.17,40.77,1.67,42.46
77.71,19.14,73.20,1.54,45.05
44.06,24.59,186.43,6.49,48.52
17.84,24.60,37.34,7.92,44.82
91.26,35.77,29.62,1.66,69.92
57.13,12.53,94.72,9.07,47.77
93.29,33.23,60.62,7.30,77.79
90.46,28.73,107.92,9.46,72.89
84.40,39.05,159.22,5.86,78.29
0.33,47.71,165.42,5.34,58.66
35.89,34.09,86.12,6.69,56.11
95.88,4.53,111.58,9.65,52.11
76.65,32.39,43.56,1.35,59.19
38.42,9.55,142.22,9.07,35.19
8.49,31.64,149.71,2.26,37.05
19.31,35.99,122.66,5.40,55.67
30.77,26.70,168.51,5.04,45.57
99.58,1.85,20.65,8.09,48.86
80.71,33.37,97.09,7.10,72.54
87.43,7.45,120.08,9.32,52.11
65.38,23.56,184.42,1.41,44.97
70.13,6.53,42.73,1.45,27.30
45.62,8.53,122.30,8.36,40.47
10.63,24.86,161.84,2.99,33.20
81.15,49.11,138.90,3.92,83.94
97.59,28.80,36.09,8.53,74.59
59.31,16.78,32.94,2.27,34.03
41.52,34.81,115.15,4.95,58.71
10.00,42.37,126.36,8.00,64.07
1.56,24.35,11.21,2.61,30.96
88.69,20.81,163.41,7.95,63.19
69.24,10.31,131.57,5.71,36.18
61.05,1.88,44.20,5.50,32.98
95.03,31.36,158.69,4.13,69.88
11.75,26.51,28.18,4.26,37.65
76.11,26.99,51.66,7.93,64.70
19.37,39.83,140.20,9.72,66.40
47.44,8.82,137.33,1.39,22.71
43.47,16.71,162.98,7.83,41.78
4.33,37.02,185.72,2.58,45.00
11.61,44.75,147.07,6.33,62.11
32.60,9.94,138.60,3.93,25.97
9.81,36.89,175.28,4.38,47.64
22.07,23.55,102.04,9.01,50.51
45.50,19.37,35.92,7.48,49.01
63.20,48.78,48.42,2.14,75.86
13.65,42.58,97.13,2.54,53.67
34.36,44.32,124.69,8.11,71.37
16.99,48.51,172.45,1.78,59.33
85.70,24.46,199.18,6.32,61.78
73.00,36.81,56.86,3.95,66.39
57.95,44.59,122.44,2.34,69.56
98.02,2.00,99.42,7.92,45.59
3.36,26.56,101.06,8.18,44.32
24.05,27.92,12.36,7.59,47.43
94.99,6.64,66.20,6.83,48.77
30.48,35.17,173.01,7.73,61.50
2.44,22.74,156.65,8.87,36.41
37.04,23.21,130.35,8.74,51.48
7.07,44.67,73.25,1.29,50.94
94.61,27.12,160.95,8.09,70.97
8.10,44.04,149.79,1.49,55.06
88.80,5.55,79.46,6.57,42.16
36.56,8.76,116.17,1.60,20.61
98.13,11.93,31.58,5.31,48.62
93.91,29.01,192.23,2.89,62.19
35.27,13.37,139.24,3.49,27.66
6.34,17.26,102.38,5.74,31.45
67.83,26.64,65.53,6.59,61.69
79.99,47.27,163.67,9.47,98.19
45.79,4.01,180.61,3.60,24.90
95.66,5.47,62.43,7.27,42.72
52.07,31.36,65.70,9.73,66.67
54.14,6.60,75.87,4.99,30.25
6.29,43.59,54.14,9.53,65.36
64.47,20.58,75.13,6.81,50.40
69.69,42.10,94.60,3.74,75.36
13.20,39.47,42.63,3.34,46.18
76.97,2.37,77.09,5.10,35.74
16.64,46.21,145.24,3.57,65.86
69.29,33.32,39.16,3.14,60.33
4.12,15.83,34.03,3.34,22.87
3.47,15.85,75.33,4.36,25.85
53.99,8.13,67.30,9.28,38.10
14.54,22.90,70.84,1.04,29.29
73.85,48.78,72.94,7.35,87.83
94.40,49.03,119.01,2.32,86.56
56.52,45.34,94.00,7.20,79.31
13.94,27.55,68.54,4.61,35.63
84.09,22.30,27.57,1.50,47.39
22.21,46.78,62.81,1.20,57.49
53.84,22.27,137.60,1.79,39.02
31.78,30.25,189.25,9.18,58.33
36.11,7.40,172.22,4.33,24.09
35.14,48.88,176.12,1.79,68.52
72.79,22.21,198.59,8.23,57.57
97.04,21.19,180.32,2.26,56.44
58.72,4.30,49.48,5.27,34.62
6.61,48.00,153.66,1.80,53.34
40.95,45.72,88.76,6.00,72.99
13.69,9.30,82.54,5.98,20.54
4.22,41.31,168.57,3.74,49.81
2.68,0.12,59.91,9.60,19.03
83.42,23.63,134.22,9.03,64.00
68.78,12.24,32.68,3.49,39.21
99.43,3.34,151.66,6.23,41.19
62.80,23.80,141.91,2.08,43.71
51.25,28.76,170.60,2.47,50.30
87.83,6.77,41.03,3.45,38.79
41.95,45.61,77.64,3.61,64.43
51.39,38.32,44.82,1.85,58.12
75.26,27.19,175.76,8.44,64.96
68.54,34.42,28.21,6.22,66.41
82.33,0.64,108.45,4.36,32.33
91.08,5.12,39.37,2.99,37.32
18.84,44.85,126.55,8.48,68.83
55.11,37.82,31.65,5.14,65.65
7.64,40.94,185.45,5.32,55.17
81.70,44.49,123.55,7.87,88.85
34.20,35.49,15.46,8.33,64.04
14.24,11.33,33.82,2.17,21.85
7.86,34.54,158.97,1.70,41.51
4.25,5.39,160.68,5.62,12.72
5.93,5.95,58.07,1.60,7.72
78.24,46.00,49.03,9.11,87.39
18.48,17.58,27.25,8.61,43.65
34.78,8.03,105.12,7.56,29.15
24.18,28.51,28.83,6.20,48.59
19.15,14.09,181.32,5.83,29.04
97.36,4.93,50.66,5.54,43.39
58.94,21.98,191.97,2.63,41.40
35.48,18.98,50.71,3.05,38.36
12.36,5.52,35.82,7.86,26.32
70.47,27.86,17.72,3.95,57.00
60.04,15.60,195.47,5.00,42.92
55.39,14.53,172.52,2.70,37.97
47.57,33.96,44.07,9.99,70.32
49.16,5.26,93.23,6.93,32.64
40.06,29.53,29.33,9.33,59.49
97.79,3.24,195.29,4.05,34.62
12.28,41.91,147.79,3.51,51.44
71.35,29.10,61.86,8.11,64.24
47.58,30.16,86.84,5.36,52.73
27.89,38.40,30.53,3.26,51.64
13.46,4.98,20.04,1.61,10.90
67.81,48.60,82.70,7.11,89.62
9.63,3.83,152.81,7.91,24.21
79.27,10.10,135.80,5.41,42.14
85.97,27.33,190.99,1.28,56.75
43.04,45.75,82.89,3.83,68.49
3.29,27.83,173.47,3.73,36.83
70.61,24.57,35.55,7.44,57.79
67.50,33.00,140.22,6.15,66.40
47.59,42.72,106.27,4.52,63.03
61.69,17.64,195.78,3.88,42.44
2.81,2.26,169.02,4.14,10.18
89.13,17.06,28.50,4.11,49.44
35.74,17.56,135.64,3.23,30.99
91.04,3.28,67.93,4.04,34.94
1.97,16.31,97.57,8.77,28.30
26.66,34.80,121.72,9.87,62.05
37.77,19.52,118.78,8.27,47.52
33.60,25.14,155.33,4.06,43.51
61.48,18.17,92.84,5.47,47.09
84.04,26.79,64.60,1.43,51.18
99.62,20.10,52.92,7.69,67.17
9.47,16.84,22.78,8.21,35.60
47.53,10.49,161.17,6.86,34.66
43.29,27.00,48.01,4.62,51.39
62.50,22.66,155.05,2.63,48.01
86.27,28.84,50.46,9.66,74.00
74.22,23.36,188.06,5.79,52.97
43.37,28.31,129.08,5.70,49.62
36.43,7.39,38.59,7.17,30.67
31.87,41.51,22.24,2.83,60.91
41.24,41.19,132.75,3.31,60.90
11.36,9.60,56.66,8.45,26.72
46.42,27.99,92.87,6.82,55.30
13.64,12.92,162.67,6.93,28.56
17.60,42.63,193.12,5.37,64.56
8.39,30.08,174.76,9.11,50.10
40.70,18.17,134.91,1.81,35.10
14.06,5.60,149.55,9.40,24.95
52.20,41.45,190.44,9.38,78.90
23.81,6.11,163.27,3.96,23.58
58.43,19.50,152.19,3.12,40.75
17.52,48.50,93.50,3.29,64.83
58.95,24.52,81.19,9.54,58.71
68.27,48.17,177.09,9.43,94.40
36.30,35.78,166.06,1.19,52.58
84.15,33.11,188.76,7.22,72.64
78.88,11.98,115.02,3.78,43.27
81.23,6.10,174.72,8.72,44.88
38.85,45.49,84.67,9.80,80.19
82.27,11.77,49.97,9.01,52.95
91.59,31.57,177.10,7.90,75.05
86.64,41.16,188.69,5.24,80.15
41.30,42.06,146.30,8.89,77.05
69.85,25.32,76.85,6.42,55.21
81.34,36.89,96.12,1.25,67.68
63.02,39.55,35.86,4.61,69.86
62.83,15.69,25.62,2.42,32.15
83.06,38.16,170.92,7.17,78.93
79.26,15.97,100.89,7.62,52.97
82.68,39.98,47.75,4.73,78.83
18.19,43.82,189.50,8.96,71.57
92.31,32.36,129.06,9.16,83.02
97.41,9.91,143.24,2.52,40.14
26.02,4.45,79.90,9.53,30.16
11.74,35.93,92.68,9.28,55.06
11.85,35.68,46.20,8.76,59.09
78.21,14.40,103.89,2.17,41.71
99.52,14.15,138.67,4.76,49.48
40.85,7.30,65.14,3.36,21.42
36.96,34.21,97.05,1.09,45.05
13.32,16.16,141.67,7.18,31.53
73.61,12.81,28.10,1.53,32.78
33.29,11.74,182.56,9.97,44.73
59.82,37.41,18.65,3.28,61.10
61.97,15.13,84.99,4.34,42.72
58.05,13.01,105.71,9.37,45.69
87.79,6.60,70.29,5.77,43.85
4.42,6.39,175.62,8.51,23.50
74.78,46.31,63.76,8.89,88.23
26.38,15.65,179.61,3.84,26.75
99.46,38.18,38.74,8.68,85.53
5.32,7.43,53.67,1.32,6.77
26.02,35.30,92.92,9.96,63.27
35.65,35.45,102.19,5.44,58.04
84.58,43.34,33.49,1.84,76.13
16.83,25.44,61.83,9.02,45.69
58.57,29.18,194.61,5.73,55.71
7.68,38.41,138.61,8.99,59.56
2.60,34.07,139.32,4.55,40.63
83.70,7.69,25.40,8.48,45.43
65.95,22.70,191.49,6.35,59.06
65.62,47.54,71.73,7.58,86.89
73.43,47.87,118.14,2.90,82.19
32.32,2.78,23.44,9.57,30.45
38.14,19.94,43.82,9.69,49.38
85.23,8.15,158.10,3.56,38.55
75.26,32.70,32.91,5.42,63.50
31.01,34.25,34.94,6.99,59.23
83.21,25.63,103.03,8.97,65.41
42.31,37.82,164.09,6.52,65.67
43.41,21.30,17.68,4.08,39.05
68.62,7.75,104.11,6.67,39.80
52.47,14.54,93.10,9.16,44.52
12.78,45.15,169.89,5.71,63.91
29.55,2.39,24.54,1.41,14.66
9.45,33.04,118.01,3.28,43.65
25.49,4.09,105.65,2.03,13.56
18.22,19.65,25.83,8.89,40.57
29.76,29.36,96.45,7.03,51.30
96.67,43.57,45.57,2.67,79.84
74.70,30.20,175.61,1.96,55.91
11.67,8.59,100.65,7.23,24.59
86.88,48.29,124.36,5.38,84.77
36.07,33.69,141.16,4.55,50.41
30.27,6.25,12.64,2.01,22.90
85.90,10.46,133.24,6.85,49.02
43.58,31.30,160.10,2.72,49.01
47.40,1.09,41.56,2.37,21.48
70.26,48.19,99.58,8.74,89.00
56.94,41.69,19.68,1.07,62.58
63.04,35.65,196.10,8.64,73.24
55.43,14.54,102.62,5.37,37.58
59.10,30.57,138.95,8.35,62.12
52.83,21.10,70.01,1.57,38.77
89.29,20.86,99.93,5.45,58.24
69.75,1.04,64.72,2.73,26.48
34.38,11.61,51.74,9.18,37.62
84.25,32.85,34.92,3.64,67.75
71.14,47.99,168.29,7.06,86.46
79.98,42.23,128.15,3.54,72.38
74.93,33.35,34.53,2.80,60.98
41.60,49.69,67.69,2.88,71.65
4.70,0.91,177.37,4.21,12.74
89.45,1.60,22.10,4.88,40.56
61.76,6.03,52.58,3.32,28.73
4.67,43.89,60.82,2.36,54.24
69.01,25.77,137.20,7.36,61.39
45.71,42.08,31.08,1.95,61.05
61.06,39.11,190.00,8.41,77.60
62.99,43.54,183.09,2.41,70.47
29.21,22.08,106.12,7.59,46.30
33.46,6.89,171.23,4.95,27.19
41.57,38.45,56.61,8.28,67.69
8.52,18.62,153.42,4.25,29.96
66.50,7.58,153.17,4.80,36.05
41.34,20.47,97.16,8.67,52.22
79.46,18.09,15.65,2.31,48.23
94.36,4.24,69.81,9.84,51.67
16.43,3.07,154.25,6.94,17.81
5.78,31.58,145.54,6.94,44.36
51.98,14.79,86.38,7.13,40.20
74.27,45.46,11.50,3.52,77.22
52.78,46.02,143.06,5.02,75.56
78.83,32.60,142.52,8.99,75.94
78.16,20.23,47.49,3.71,50.95
72.51,37.00,33.94,9.93,80.69
28.39,4.64,114.84,5.69,23.67
2.79,39.83,122.58,3.17,47.60
77.42,36.33,197.52,1.99,66.35
62.70,17.72,19.07,6.86,49.14
12.47,14.90,150.00,5.08,29.92
98.90,28.28,179.92,6.65,69.67
53.33,29.78,76.56,3.56,53.49
67.24,35.72,108.74,3.23,60.35
32.78,29.12,166.34,4.25,49.56
82.84,4.10,21.82,9.00,47.54
47.63,22.31,80.17,5.74,43.89
39.48,13.18,104.78,4.81,30.80
44.01,46.55,103.01,9.76,83.99
12.71,35.56,34.58,7.34,53.79
86.33,5.90,50.40,5.26,40.59
36.93,47.59,124.30,4.68,66.70
12.09,28.59,17.65,2.38,31.87
30.33,24.30,160.33,2.28,41.06
58.96,2.43,179.91,9.00,37.27
48.88,6.12,76.24,8.83,41.00
41.76,28.65,117.50,9.10,58.34
72.00,30.29,154.77,5.54,60.00
46.09,22.50,95.32,8.80,51.53
66.45,20.48,54.24,4.56,50.64
54.10,47.90,179.11,7.62,80.94
70.72,28.60,161.27,7.37,60.09
56.10,6.19,116.28,2.73,24.81
5.29,28.51,45.99,5.28,38.71
89.69,6.01,187.87,2.62,39.79
24.53,35.28,178.65,5.00,53.95
80.69,30.34,86.34,1.40,57.18
43.70,20.75,173.33,3.86,39.32
25.72,5.73,28.87,2.51,17.61
8.96,15.34,87.38,2.52,22.05
61.45,16.26,15.16,1.53,34.42
41.28,16.21,81.35,8.45,44.28
12.10,10.13,152.91,6.27,21.42
38.50,5.75,21.52,5.18,26.38
40.71,24.21,87.42,3.10,42.35
96.35,33.75,56.80,5.99,74.12
78.52,15.23,87.28,1.76,39.20
96.79,18.67,197.21,8.04,61.38
53.75,21.19,183.18,5.07,48.42
82.94,14.46,194.70,1.00,39.24
93.35,24.11,123.59,8.56,65.79
63.22,29.26,106.96,1.41,51.82
73.92,28.15,67.12,4.56,59.10
55.65,13.97,92.07,6.49,41.75
95.74,15.92,139.60,4.08,50.89
45.27,12.30,196.77,4.07,35.59
45.98,29.98,13.02,7.23,58.07
47.65,45.07,137.81,4.72,71.71
89.53,35.16,154.87,5.84,74.58
7.75,1.55,168.10,7.04,13.74
67.22,17.65,164.43,8.45,52.69
76.80,34.85,11.60,5.16,69.37
93.62,22.23,52.09,1.18,50.35
35.78,4.50,126.55,3.73,25.94
71.78,11.71,103.82,4.27,38.75
70.70,10.45,47.26,8.39,50.49
39.61,43.50,118.13,5.45,65.72
56.57,34.12,117.38,1.59,53.62
12.82,3.25,59.33,6.13,18.72
78.23,9.59,138.82,9.93,53.82
69.30,26.65,58.06,6.04,54.64
64.10,47.15,19.85,9.45,91.23
43.25,49.76,62.07,7.12,79.22
75.90,44.19,52.66,3.50,77.54
42.01,22.44,10.98,2.75,41.00
2.54,36.87,195.84,4.81,50.02
7.44,12.50,41.25,3.80,19.40
48.00,40.40,122.58,6.64,69.32
33.43,12.52,30.49,3.15,26.08
33.36,39.71,189.27,7.98,68.55
61.96,38.20,128.82,6.21,71.19
3.33,15.66,171.06,1.59,18.27
12.75,45.96,93.96,3.71,60.04
67.76,27.96,66.03,4.43,55.86
9.58,37.60,54.29,6.40,53.85
38.39,39.76,177.19,6.57,66.57
33.96,46.88,158.76,5.09,70.85
10.27,29.76,22.83,8.10,49.17
19.36,28.66,131.10,3.31,37.38
44.46,12.16,161.43,1.54,27.83
31.17,21.79,192.35,7.79,43.04
77.55,7.37,68.65,4.09,40.61
36.88,0.40,121.42,7.10,28.30
83.52,42.94,90.19,2.76,77.16
20.04,45.43,159.20,4.07,61.71
98.19,29.99,72.92,6.21,68.41
96.31,30.81,89.55,2.46,61.25
4.22,10.97,10.70,3.01,16.85
23.03,31.20,55.41,7.61,54.19
74.01,10.27,45.01,9.91,50.52
36.28,3.69,15.70,2.04,17.02
58.57,38.28,18.34,1.27,60.99
19.78,8.71,178.22,7.47,26.79
17.85,1.07,170.15,9.20,26.88
2.10,33.87,82.00,8.09,54.91
30.51,12.01,163.80,6.95,36.23
94.12,48.86,199.56,8.93,98.91
14.44,46.21,161.03,2.73,58.81
37.82,18.71,123.91,9.79,46.80
61.60,9.46,111.74,8.11,41.92
32.77,2.66,161.17,8.86,31.57
88.58,10.46,25.47,5.24,41.36
66.35,3.24,106.64,7.76,35.88
49.86,23.21,71.15,4.36,43.96
